﻿<?xml version="1.0" encoding="utf-8"?>
<root>
  <info name="State">
    <Name>FALSE</Name>
  </info>
  <info name="Name">
    <Name>Cookies</Name>
  </info>
  <info name="Size">
    <Size>3</Size>
    <Size>Small</Size>
    <Size>
    </Size>
    <Size>
    </Size>
    <Size>Large</Size>
    <Size>Medium</Size>
    <Size>
    </Size>
    <Size>
    </Size>
    <Size>
    </Size>
    <Size>
    </Size>
    <Size>
    </Size>
  </info>
  <info name="Kind">
    <Kind>4</Kind>
    <Kind>Snickerdoodle</Kind>
    <Kind>Chocolate</Kind>
    <Kind>Sugar</Kind>
    <Kind>Brownie</Kind>
    <Kind>
    </Kind>
    <Kind>
    </Kind>
    <Kind>
    </Kind>
    <Kind>
    </Kind>
    <Kind>
    </Kind>
    <Kind>
    </Kind>
    <Kind>
    </Kind>
    <Kind>
    </Kind>
    <Kind>
    </Kind>
    <Kind>
    </Kind>
    <Kind>
    </Kind>
    <Kind>
    </Kind>
    <Kind>
    </Kind>
    <Kind>
    </Kind>
    <Kind>
    </Kind>
    <Kind>
    </Kind>
  </info>
  <info name="Add">
    <Add>3</Add>
    <Add>
    </Add>
    <Add>
    </Add>
    <Add>
    </Add>
    <Add>
    </Add>
    <Add>
    </Add>
    <Add>
    </Add>
    <Add>
    </Add>
    <Add>
    </Add>
    <Add>
    </Add>
    <Add>
    </Add>
    <Add>
    </Add>
    <Add>
    </Add>
    <Add>
    </Add>
    <Add>
    </Add>
    <Add>
    </Add>
    <Add>
    </Add>
    <Add>
    </Add>
    <Add>
    </Add>
    <Add>
    </Add>
    <Add>
    </Add>
    <Add>
    </Add>
    <Add>
    </Add>
    <Add>
    </Add>
    <Add>
    </Add>
    <Add>
    </Add>
    <Add>
    </Add>
    <Add>Frosting</Add>
    <Add>Candy</Add>
    <Add>Fudge</Add>
    <Add>Sprinkles</Add>
  </info>
</root>